{
    "name": "Floppa40",
    "vendorId": "0xF109",
    "productId": "0xF140",
    "lighting": "none",
    "matrix": {
      "rows": 8,
      "cols": 6
    },
    "layouts": {
      "keymap": [
        [
          {
            "c": "#aaaaaa"
          },
          "0,0",
          {
            "c": "#cccccc"
          },
          "0,1",
          "0,2",
          "0,3",
          "0,4",
          "0,5",
          {
            "x": 2
          },
          "4,0",
          "4,1",
          "4,2",
          "4,3",
          "4,4",
          {
            "w": 1.25
          },
          "4,5"
        ],
        [
          {
            "w": 1.25
          },
          "1,0",
          "1,1",
          "1,2",
          "1,3",
          "1,4",
          "1,5",
          {
            "x": 2
          },
          "5,0",
          "5,1",
          "5,2",
          "5,3",
          {
            "w": 2
          },
          "5,4"
        ],
        [
          {
            "w": 1.75
          },
          "2,0",
          "2,1",
          "2,2",
          "2,3",
          "2,4",
          {
            "x": 2
          },
          "6,0",
          "6,1",
          "6,2",
          "6,3",
          {
            "w": 1.25
          },
          "6,4",
          {
            "w": 1.25
          },
          "6,5"
        ],
        [
          {
            "w": 1.25
          },
          "3,0",
          {
            "w": 1.25
          },
          "3,1",
          {
            "w": 1.25
          },
          "3,2",
          {
            "x": 0.03500000000000014,
            "w": 2.25
          },
          "3,3",
          {
            "x": 1.9649999999999999,
            "w": 2.25
          },
          "7,0",
          {
            "x": 2.5,
            "w": 1.5
          },
          "7,2"
        ]
      ]
    }
  }
  